Booking No,Agent,Country,Tour Type,Booking Date,Amount,Status,GP
BK001,TUI,Germany,Leisure,7/1/2026,1200,Confirmed,1000
BK002,Expedia,UK,Adventure,7/1/2026,850,Cancelled,1000
BK003,Booking.com,France,Leisure,7/1/2026,2100,Confirmed,1000
BK004,TUI,Germany,Adventure,7/2/2026,-150,Confirmed,1000
BK005,,France,Leisure,7/2/2026,950,Confirmed,1000
BK006,Expedia,UK,Leisure,7/2/2026,700,Confirmed,1000
BK001,Expedia,UK,Leisure,7/2/2026,700,Confirmed,1000
BK007,Booking.com,Germany,Adventure,7/3/2026,1300,Confirmed,1000
BK008,TUI,UK,Leisure,7/3/2026,1800,Confirmed,1000
BK009,Expedia,France,Adventure,7/3/2026,1450,Confirmed,1000
BK010,Booking.com,Germany,Leisure,7/4/2026,3200,Confirmed,1000
BK011,TUI,France,Leisure,7/4/2026,890,Cancelled,1000
BK012,Expedia,Germany,Adventure,7/4/2026,1100,Confirmed,1000
BK013,Agoda,Japan,Leisure,7/5/2026,2500,Confirmed,1000
BK014,Agoda,Japan,Adventure,7/5/2026,3100,Confirmed,1000
BK015,Trip.com,China,Leisure,7/5/2026,1750,Confirmed,1000
BK016,Trip.com,China,Adventure,7/6/2026,-50,Confirmed,1000
BK017,TUI,UK,Adventure,7/6/2026,920,Confirmed,1000
BK018,Expedia,France,Leisure,7/6/2026,1350,Confirmed,1000
BK019,Booking.com,UK,Leisure,7/7/2026,2200,Confirmed,1000
BK020,Agoda,Germany,Adventure,7/7/2026,1050,Cancelled,1000
BK021,Trip.com,Japan,Leisure,7/7/2026,2900,Confirmed,1000
BK022,,UK,Adventure,7/8/2026,1150,Confirmed,1000
BK023,TUI,France,Adventure,7/8/2026,1600,Confirmed,1000
BK024,Expedia,Germany,Leisure,7/8/2026,1950,Confirmed,1000
BK025,Booking.com,China,Leisure,7/9/2026,2400,Confirmed,1000
BK026,Agoda,UK,Adventure,7/9/2026,880,Confirmed,1000
BK027,Trip.com,France,Leisure,7/9/2026,1250,Confirmed,1000
BK028,TUI,Japan,Adventure,7/10/2026,3400,Confirmed,1000
BK029,Expedia,China,Adventure,7/10/2026,1500,Cancelled,1000
BK030,Booking.com,Germany,Leisure,7/10/2026,2700,Confirmed,1000
BK031,Agoda,France,Leisure,7/11/2026,1850,Confirmed,1000
BK032,Trip.com,UK,Adventure,7/11/2026,990,Confirmed,1000
BK033,TUI,China,Leisure,7/11/2026,2150,Confirmed,1000
BK034,Expedia,Japan,Leisure,7/12/2026,2600,Confirmed,1000
BK010,Booking.com,Germany,Leisure,7/12/2026,3200,Confirmed,1000
BK035,Booking.com,UK,Adventure,7/12/2026,1400,Confirmed,1000
BK036,Agoda,Germany,Leisure,7/13/2026,2050,Confirmed,1000
BK037,Trip.com,France,Adventure,7/13/2026,1700,Confirmed,1000
BK038,TUI,UK,Leisure,7/13/2026,1100,Cancelled,1000
BK039,Expedia,China,Leisure,7/14/2026,2950,Confirmed,1000
BK040,Booking.com,Japan,Adventure,7/14/2026,3300,Confirmed,1000
BK041,Agoda,China,Adventure,7/14/2026,1250,Confirmed,1000
BK042,Trip.com,Germany,Leisure,7/15/2026,2300,Confirmed,1000
BK043,TUI,France,Adventure,7/15/2026,1550,Confirmed,1000
BK044,Expedia,UK,Leisure,7/15/2026,950,Confirmed,1000
BK045,Booking.com,Japan,Leisure,7/16/2026,2800,Confirmed,1000
BK046,Agoda,UK,Leisure,7/16/2026,1000,Confirmed,1000
BK047,Trip.com,Germany,Adventure,7/16/2026,1900,Confirmed,1000
BK048,TUI,China,Adventure,7/17/2026,1650,Confirmed,1000
BK049,Expedia,France,Leisure,7/17/2026,1400,Confirmed,1000
BK050,Booking.com,Germany,Adventure,7/17/2026,2150,Confirmed,1000
BK051,Agoda,UK,Leisure,7/18/2026,1100,Confirmed,1000
BK052,Trip.com,Japan,Leisure,7/18/2026,3000,Confirmed,1000
BK053,TUI,France,Adventure,7/18/2026,1720,Confirmed,1000
BK054,Expedia,Germany,Leisure,7/19/2026,1980,Confirmed,1000
BK055,Booking.com,China,Adventure,7/19/2026,1550,Cancelled,1000
BK056,Agoda,UK,Leisure,7/19/2026,890,Confirmed,1000
BK057,Trip.com,France,Leisure,7/20/2026,1320,Confirmed,1000
BK058,TUI,Japan,Adventure,7/20/2026,3120,Confirmed,1000
BK059,Expedia,Germany,Leisure,7/20/2026,1850,Confirmed,1000
BK060,Booking.com,UK,Adventure,7/21/2026,1280,Confirmed,1000
BK061,Agoda,China,Leisure,7/21/2026,2450,Confirmed,1000
BK062,Trip.com,UK,Leisure,7/21/2026,970,Confirmed,1000
BK063,TUI,Germany,Adventure,7/22/2026,1480,Confirmed,1000
BK064,Expedia,Japan,Leisure,7/22/2026,2750,Confirmed,1000
BK065,Booking.com,France,Leisure,7/22/2026,1900,Confirmed,1000
BK066,Agoda,Germany,Adventure,7/23/2026,1650,Cancelled,1000
BK067,Trip.com,UK,Leisure,7/23/2026,1080,Confirmed,1000
BK068,TUI,China,Leisure,7/23/2026,2250,Confirmed,1000
BK069,Expedia,Japan,Adventure,7/24/2026,2850,Confirmed,1000
BK070,Booking.com,France,Adventure,7/24/2026,1520,Confirmed,1000
BK071,Agoda,UK,Leisure,7/24/2026,1150,Confirmed,1000
BK072,Trip.com,Germany,Leisure,7/25/2026,2380,Confirmed,1000
BK073,TUI,France,Adventure,7/25/2026,1640,Confirmed,1000
BK074,Expedia,China,Leisure,7/25/2026,2800,Confirmed,1000
BK075,Booking.com,Japan,Leisure,7/26/2026,3050,Confirmed,1000
BK076,Agoda,Germany,Adventure,7/26/2026,1780,Confirmed,1000
BK077,Trip.com,UK,Leisure,7/26/2026,1220,Confirmed,1000
BK078,TUI,China,Adventure,7/27/2026,1920,Confirmed,1000
BK079,Expedia,Japan,Leisure,7/27/2026,2490,Confirmed,1000
BK080,Booking.com,France,Adventure,7/27/2026,1380,Cancelled,1000
BK081,Agoda,UK,Leisure,7/28/2026,950,Confirmed,1000
BK082,Trip.com,Germany,Leisure,7/28/2026,2610,Confirmed,1000
BK083,TUI,France,Adventure,7/28/2026,1430,Confirmed,1000
BK084,Expedia,UK,Leisure,7/29/2026,1120,Confirmed,1000
BK085,Booking.com,China,Leisure,7/29/2026,2280,Confirmed,1000
BK086,Agoda,Japan,Adventure,7/29/2026,3150,Confirmed,1000
BK087,Trip.com,UK,Adventure,7/30/2026,1290,Confirmed,1000
BK088,TUI,Germany,Leisure,7/30/2026,1880,Confirmed,1000
BK089,Expedia,France,Leisure,7/30/2026,1670,Confirmed,1000
BK090,Booking.com,UK,Adventure,7/31/2026,1490,Confirmed,1000
BK091,Agoda,Japan,Leisure,7/31/2026,2730,Confirmed,1000
BK092,Trip.com,China,Leisure,7/31/2026,1940,Confirmed,1000
BK093,TUI,Germany,Adventure,8/1/2026,1550,Confirmed,1000
BK094,Expedia,UK,Leisure,8/1/2026,1020,Confirmed,1000
BK095,Booking.com,France,Leisure,8/1/2026,2350,Cancelled,1000
BK096,Agoda,Germany,Adventure,8/2/2026,1250,Confirmed,1000
BK097,Trip.com,Japan,Leisure,8/2/2026,3100,Confirmed,1000
BK098,TUI,France,Adventure,8/2/2026,1890,Confirmed,1000
BK099,Expedia,China,Leisure,8/3/2026,2640,Confirmed,1000
BK100,Booking.com,UK,Adventure,8/3/2026,1320,Confirmed,1000
BK101,Agoda,Germany,Leisure,8/3/2026,2050,Confirmed,1000
BK102,Trip.com,UK,Leisure,8/4/2026,1150,Confirmed,1000
BK103,TUI,Japan,Adventure,8/4/2026,3320,Confirmed,1000
BK104,Expedia,Germany,Leisure,8/4/2026,1710,Confirmed,1000
BK105,Booking.com,France,Adventure,8/5/2026,1450,Confirmed,1000
BK106,Agoda,China,Leisure,8/5/2026,2310,Confirmed,1000
BK107,Trip.com,UK,Leisure,8/5/2026,920,Confirmed,1000
BK108,TUI,France,Adventure,8/6/2026,1680,Confirmed,1000
BK109,Expedia,Japan,Leisure,8/6/2026,2850,Confirmed,1000
BK110,Booking.com,China,Adventure,8/6/2026,1600,Cancelled,1000
BK111,Agoda,Germany,Leisure,8/7/2026,1920,Confirmed,1000
BK112,Trip.com,UK,Adventure,8/7/2026,1180,Confirmed,1000
BK113,TUI,China,Leisure,8/7/2026,2410,Confirmed,1000
BK114,Expedia,France,Leisure,8/8/2026,1780,Confirmed,1000
BK115,Booking.com,UK,Adventure,8/8/2026,1390,Confirmed,1000
BK116,Agoda,Japan,Leisure,8/8/2026,2900,Confirmed,1000
BK117,Trip.com,Germany,Adventure,8/9/2026,1490,Confirmed,1000
BK118,TUI,UK,Leisure,8/9/2026,1220,Confirmed,1000
BK119,Expedia,China,Adventure,8/9/2026,1750,Confirmed,1000
BK120,Booking.com,Japan,Leisure,8/10/2026,3180,Confirmed,1000
BK121,Agoda,Germany,Adventure,8/10/2026,1850,Confirmed,1000
BK122,Trip.com,France,Leisure,8/10/2026,1420,Confirmed,1000
BK123,TUI,UK,Adventure,8/11/2026,1100,Cancelled,1000
BK124,Expedia,Germany,Leisure,8/11/2026,2150,Confirmed,1000
BK125,Booking.com,China,Leisure,8/11/2026,2540,Confirmed,1000
BK126,Agoda,Japan,Adventure,8/12/2026,3280,Confirmed,1000
BK127,Trip.com,France,Adventure,8/12/2026,1810,Confirmed,1000
BK128,TUI,Germany,Leisure,8/12/2026,1920,Confirmed,1000
BK129,Expedia,UK,Adventure,8/13/2026,1050,Confirmed,1000
BK130,Booking.com,Japan,Leisure,8/13/2026,2950,Confirmed,1000
BK131,Agoda,China,Leisure,8/13/2026,2210,Confirmed,1000
BK132,Trip.com,Germany,Adventure,8/14/2026,2020,Confirmed,1000
BK133,TUI,France,Leisure,8/14/2026,1630,Confirmed,1000
BK134,Expedia,UK,Adventure,8/14/2026,1320,Confirmed,1000
BK135,Booking.com,China,Leisure,8/15/2026,2460,Confirmed,1000
BK136,Agoda,Japan,Leisure,8/15/2026,2870,Cancelled,1000
BK137,Trip.com,Germany,Adventure,8/15/2026,1680,Confirmed,1000
BK138,TUI,France,Adventure,8/16/2026,1790,Confirmed,1000
BK139,Expedia,UK,Leisure,8/16/2026,1150,Confirmed,1000
BK140,Booking.com,Germany,Leisure,8/16/2026,2800,Confirmed,1000
BK141,Agoda,China,Adventure,8/17/2026,1430,Confirmed,1000
BK142,Trip.com,Japan,Leisure,8/17/2026,3050,Confirmed,1000
BK143,TUI,UK,Leisure,8/17/2026,1300,Confirmed,1000
BK144,Expedia,France,Adventure,8/18/2026,1580,Confirmed,1000
BK145,Booking.com,Germany,Leisure,8/18/2026,2990,Confirmed,1000
BK146,Agoda,UK,Adventure,8/18/2026,1210,Cancelled,1000
BK147,Trip.com,China,Leisure,8/19/2026,2100,Confirmed,1000
BK148,TUI,Japan,Adventure,8/19/2026,3450,Confirmed,1000
BK149,Expedia,France,Leisure,8/19/2026,1850,Confirmed,1000
BK150,Booking.com,UK,Adventure,8/20/2026,1370,Confirmed,1000
BK151,Agoda,Germany,Leisure,8/20/2026,2120,Confirmed,1000
BK152,Trip.com,China,Adventure,8/20/2026,1880,Confirmed,1000
BK153,TUI,UK,Leisure,8/21/2026,1190,Confirmed,1000
BK154,Expedia,Japan,Adventure,8/21/2026,2990,Confirmed,1000
BK155,Booking.com,Germany,Leisure,8/21/2026,2720,Confirmed,1000
BK156,Agoda,France,Leisure,8/22/2026,1690,Confirmed,1000
BK157,Trip.com,UK,Adventure,8/22/2026,1250,Cancelled,1000
BK158,TUI,China,Leisure,8/22/2026,2350,Confirmed,1000
BK159,Expedia,Germany,Adventure,8/23/2026,1540,Confirmed,1000
BK160,Booking.com,Japan,Leisure,8/23/2026,3100,Confirmed,1000
BK161,Agoda,France,Adventure,8/23/2026,1910,Confirmed,1000
BK162,Trip.com,UK,Leisure,8/24/2026,1020,Confirmed,1000
BK163,TUI,Germany,Adventure,8/24/2026,1620,Confirmed,1000
BK164,Expedia,China,Leisure,8/24/2026,2770,Confirmed,1000
BK165,Booking.com,Japan,Adventure,8/25/2026,3250,Confirmed,1000
BK166,Agoda,Germany,Leisure,8/25/2026,2190,Confirmed,1000
BK167,Trip.com,France,Adventure,8/25/2026,1780,Confirmed,1000
BK168,TUI,UK,Leisure,8/26/2026,1280,Cancelled,1000
BK169,Expedia,China,Leisure,8/26/2026,2610,Confirmed,1000
BK170,Booking.com,Japan,Adventure,8/26/2026,3400,Confirmed,1000
BK171,Agoda,France,Leisure,8/27/2026,1850,Confirmed,1000
BK172,Trip.com,UK,Adventure,8/27/2026,1120,Confirmed,1000
BK173,TUI,Germany,Leisure,8/27/2026,1990,Confirmed,1000
BK174,Expedia,Japan,Adventure,8/28/2026,3020,Confirmed,1000
BK175,Booking.com,Germany,Leisure,8/28/2026,2840,Confirmed,1000
BK176,Agoda,UK,Adventure,8/28/2026,1350,Confirmed,1000
BK177,Trip.com,China,Leisure,8/29/2026,2240,Confirmed,1000
BK178,TUI,France,Leisure,8/29/2026,1590,Confirmed,1000
BK179,Expedia,UK,Adventure,8/29/2026,1410,Cancelled,1000
BK180,Booking.com,Germany,Leisure,8/30/2026,2920,Confirmed,1000
BK181,Agoda,Japan,Adventure,8/30/2026,3350,Confirmed,1000
BK182,Trip.com,France,Leisure,8/30/2026,1650,Confirmed,1000
BK183,TUI,UK,Adventure,8/31/2026,1230,Confirmed,1000
BK184,Expedia,Germany,Leisure,8/31/2026,2080,Confirmed,1000
BK185,Booking.com,China,Leisure,8/31/2026,2490,Confirmed,1000
BK186,Agoda,Japan,Adventure,9/1/2026,3180,Confirmed,1000
BK187,Trip.com,France,Adventure,9/1/2026,1730,Confirmed,1000
BK188,TUI,Germany,Leisure,9/1/2026,1940,Confirmed,1000
BK189,Expedia,UK,Adventure,9/2/2026,1100,Cancelled,1000
BK190,Booking.com,Japan,Leisure,9/2/2026,3020,Confirmed,1000
BK191,Agoda,China,Leisure,9/2/2026,2340,Confirmed,1000
BK192,Trip.com,Germany,Adventure,9/3/2026,1990,Confirmed,1000
BK193,TUI,France,Leisure,9/3/2026,1610,Confirmed,1000
BK194,Expedia,UK,Adventure,9/3/2026,1280,Confirmed,1000
BK195,Booking.com,China,Leisure,9/4/2026,2510,Confirmed,1000
BK196,Agoda,Japan,Leisure,9/4/2026,2920,Confirmed,1000
BK197,Trip.com,Germany,Adventure,9/4/2026,1850,Confirmed,1000
BK198,TUI,France,Adventure,9/5/2026,1740,Confirmed,1000
BK199,Expedia,UK,Leisure,9/5/2026,1080,Confirmed,1000
BK200,Booking.com,Germany,Leisure,9/5/2026,2750,Cancelled,1000
BK201,Agoda,China,Adventure,9/6/2026,1490,Confirmed,1000
BK202,Trip.com,Japan,Leisure,9/6/2026,3120,Confirmed,1000
BK203,TUI,UK,Leisure,9/6/2026,1250,Confirmed,1000
BK204,Expedia,France,Adventure,9/7/2026,1620,Confirmed,1000
BK205,Booking.com,Germany,Leisure,9/7/2026,3040,Confirmed,1000
BK206,Agoda,UK,Adventure,9/7/2026,1150,Confirmed,1000
BK207,Trip.com,China,Leisure,9/8/2026,2180,Confirmed,1000
BK208,TUI,Japan,Adventure,9/8/2026,3490,Confirmed,1000
BK209,Expedia,France,Leisure,9/8/2026,1920,Confirmed,1000
BK210,Booking.com,UK,Adventure,9/9/2026,1410,Cancelled,1000
BK211,Agoda,Germany,Leisure,9/9/2026,2150,Confirmed,1000
BK212,Trip.com,China,Adventure,9/9/2026,1940,Confirmed,1000
BK213,TUI,UK,Leisure,9/10/2026,1280,Confirmed,1000
BK214,Expedia,Japan,Adventure,9/10/2026,3050,Confirmed,1000
BK215,Booking.com,Germany,Leisure,9/10/2026,2780,Confirmed,1000
BK216,Agoda,France,Leisure,9/11/2026,1750,Confirmed,1000
BK217,Trip.com,UK,Adventure,9/11/2026,1310,Confirmed,1000
BK218,TUI,China,Leisure,9/11/2026,2410,Confirmed,1000
BK219,Expedia,Germany,Adventure,9/12/2026,1600,Confirmed,1000
BK220,Booking.com,Japan,Leisure,9/12/2026,3150,Cancelled,1000
BK221,Agoda,France,Adventure,9/12/2026,1980,Confirmed,1000
BK222,Trip.com,UK,Leisure,9/13/2026,1080,Confirmed,1000
BK223,TUI,Germany,Adventure,9/13/2026,1690,Confirmed,1000
BK224,Expedia,China,Leisure,9/13/2026,2840,Confirmed,1000
BK225,Booking.com,Japan,Adventure,9/14/2026,3320,Confirmed,1000
BK226,Agoda,Germany,Leisure,9/14/2026,2250,Confirmed,1000
BK227,Trip.com,France,Adventure,9/14/2026,1850,Confirmed,1000
BK228,TUI,UK,Leisure,9/15/2026,1340,Confirmed,1000
BK229,Expedia,China,Leisure,9/15/2026,2680,Confirmed,1000
BK230,Booking.com,Japan,Adventure,9/15/2026,3490,Cancelled,1000
BK231,Agoda,France,Leisure,9/16/2026,1910,Confirmed,1000
BK232,Trip.com,UK,Adventure,9/16/2026,1180,Confirmed,1000
BK233,TUI,Germany,Leisure,9/16/2026,2050,Confirmed,1000
BK234,Expedia,Japan,Adventure,9/17/2026,3090,Confirmed,1000
BK235,Booking.com,Germany,Leisure,9/17/2026,2910,Confirmed,1000
BK236,Agoda,UK,Adventure,9/17/2026,1410,Confirmed,1000
BK237,Trip.com,China,Leisure,9/18/2026,2300,Confirmed,1000
BK238,TUI,France,Leisure,9/18/2026,1650,Confirmed,1000
BK239,Expedia,UK,Adventure,9/18/2026,1480,Confirmed,1000
BK240,Booking.com,Germany,Leisure,9/19/2026,2990,Cancelled,1000
BK241,Agoda,Japan,Adventure,9/19/2026,3420,Confirmed,1000
BK242,Trip.com,France,Leisure,9/19/2026,1710,Confirmed,1000
BK243,TUI,UK,Adventure,9/20/2026,1290,Confirmed,1000
BK244,Expedia,Germany,Leisure,9/20/2026,2150,Confirmed,1000
BK245,Booking.com,China,Leisure,9/20/2026,2560,Confirmed,1000
BK246,Agoda,Japan,Adventure,9/21/2026,3250,Confirmed,1000
BK247,Trip.com,France,Adventure,9/21/2026,1790,Confirmed,1000
BK248,TUI,Germany,Leisure,9/21/2026,2010,Confirmed,1000
BK249,Expedia,UK,Adventure,9/22/2026,1150,Confirmed,1000
BK250,Booking.com,Japan,Leisure,9/22/2026,3090,Confirmed,1000
BK251,Agoda,China,Leisure,9/22/2026,2400,Cancelled,1000
BK252,Trip.com,Germany,Adventure,9/23/2026,2050,Confirmed,1000
BK253,TUI,France,Leisure,9/23/2026,1680,Confirmed,1000
BK254,Expedia,UK,Adventure,9/23/2026,1350,Confirmed,1000
BK255,Booking.com,China,Leisure,9/24/2026,2580,Confirmed,1000
BK256,Agoda,Japan,Leisure,9/24/2026,2990,Confirmed,1000
BK257,Trip.com,Germany,Adventure,9/24/2026,1910,Confirmed,1000
BK258,TUI,France,Adventure,9/25/2026,1810,Confirmed,1000
BK259,Expedia,UK,Leisure,9/25/2026,1140,Confirmed,1000
BK260,Booking.com,Germany,Leisure,9/25/2026,2820,Confirmed,1000
BK261,Agoda,China,Adventure,9/26/2026,1550,Cancelled,1000
BK262,Trip.com,Japan,Leisure,9/26/2026,3190,Confirmed,1000
BK263,TUI,UK,Leisure,9/26/2026,1310,Confirmed,1000
BK264,Expedia,France,Adventure,9/27/2026,1690,Confirmed,1000
BK265,Booking.com,Germany,Leisure,9/27/2026,3110,Confirmed,1000
BK266,Agoda,UK,Adventure,9/27/2026,1210,Confirmed,1000
BK267,Trip.com,China,Leisure,9/28/2026,2250,Confirmed,1000
BK268,TUI,Japan,Adventure,9/28/2026,3550,Confirmed,1000
BK269,Expedia,France,Leisure,9/28/2026,1990,Confirmed,1000
BK270,Booking.com,UK,Adventure,9/29/2026,1480,Confirmed,1000
BK271,Agoda,Germany,Leisure,9/29/2026,2220,Confirmed,1000
BK272,Trip.com,China,Adventure,9/29/2026,2010,Cancelled,1000
BK273,TUI,UK,Leisure,9/30/2026,1340,Confirmed,1000
BK274,Expedia,Japan,Adventure,9/30/2026,3120,Confirmed,1000
BK275,Booking.com,Germany,Leisure,9/30/2026,2850,Confirmed,1000
BK276,Agoda,France,Leisure,10/1/2026,1810,Confirmed,1000
BK277,Trip.com,UK,Adventure,10/1/2026,1380,Confirmed,1000
BK278,TUI,China,Leisure,10/1/2026,2480,Confirmed,1000
BK279,Expedia,Germany,Adventure,10/2/2026,1670,Confirmed,1000
BK280,Booking.com,Japan,Leisure,10/2/2026,3220,Confirmed,1000
BK281,Agoda,France,Adventure,10/2/2026,2050,Confirmed,1000
BK282,Trip.com,UK,Leisure,10/3/2026,1140,Cancelled,1000
BK283,TUI,Germany,Adventure,10/3/2026,1760,Confirmed,1000
BK284,Expedia,China,Leisure,10/3/2026,2910,Confirmed,1000
BK285,Booking.com,Japan,Adventure,10/4/2026,3390,Confirmed,1000
BK286,Agoda,Germany,Leisure,10/4/2026,2320,Confirmed,1000
BK287,Trip.com,France,Adventure,10/4/2026,1920,Confirmed,1000
BK288,TUI,UK,Leisure,10/5/2026,1410,Confirmed,1000
BK289,Expedia,China,Leisure,10/5/2026,2750,Confirmed,1000
BK290,Booking.com,Japan,Adventure,10/5/2026,3550,Confirmed,1000
BK291,Agoda,France,Leisure,10/6/2026,1980,Confirmed,1000
BK292,Trip.com,UK,Adventure,10/6/2026,1250,Cancelled,1000
BK293,TUI,Germany,Leisure,10/6/2026,2120,Confirmed,1000
BK294,Expedia,Japan,Adventure,10/7/2026,3160,Confirmed,1000
BK295,Booking.com,Germany,Leisure,10/7/2026,2980,Confirmed,1000
BK296,Agoda,UK,Adventure,10/7/2026,1480,Confirmed,1000
BK297,Trip.com,China,Leisure,10/8/2026,2370,Confirmed,1000
BK298,TUI,France,Leisure,10/8/2026,1720,Confirmed,1000
BK299,Expedia,UK,Adventure,10/8/2026,1550,Confirmed,1000
BK300,Booking.com,Germany,Leisure,10/9/2026,3050,Confirmed,1000
BK301,Agoda,Japan,Adventure,10/9/2026,3490,Confirmed,1000
BK302,Trip.com,France,Leisure,10/9/2026,1780,Cancelled,1000
BK303,TUI,UK,Adventure,10/10/2026,1360,Confirmed,1000
BK304,Expedia,Germany,Leisure,10/10/2026,2220,Confirmed,1000
BK305,Booking.com,China,Leisure,10/10/2026,2630,Confirmed,1000
BK306,Agoda,Japan,Adventure,10/11/2026,3320,Confirmed,1000
BK307,Trip.com,France,Adventure,10/11/2026,1860,Confirmed,1000
BK308,TUI,Germany,Leisure,10/11/2026,2080,Confirmed,1000
BK309,Expedia,UK,Adventure,10/12/2026,1220,Confirmed,1000
BK310,Booking.com,Japan,Leisure,10/12/2026,3160,Confirmed,1000
BK311,Agoda,China,Leisure,10/12/2026,2470,Confirmed,1000
BK312,Trip.com,Germany,Adventure,10/13/2026,2120,Cancelled,1000
BK313,TUI,France,Leisure,10/13/2026,1750,Confirmed,1000
BK314,Expedia,UK,Adventure,10/13/2026,1420,Confirmed,1000
BK315,Booking.com,China,Leisure,10/14/2026,2650,Confirmed,1000
BK316,Agoda,Japan,Leisure,10/14/2026,3060,Confirmed,1000
BK317,Trip.com,Germany,Adventure,10/14/2026,1980,Confirmed,1000
BK318,TUI,France,Adventure,10/15/2026,1880,Confirmed,1000
BK319,Expedia,UK,Leisure,10/15/2026,1210,Confirmed,1000
BK320,Booking.com,Germany,Leisure,10/15/2026,2890,Confirmed,1000
BK321,Agoda,China,Adventure,10/16/2026,1620,Confirmed,1000
BK322,Trip.com,Japan,Leisure,10/16/2026,3260,Cancelled,1000
BK323,TUI,UK,Leisure,10/16/2026,1380,Confirmed,1000
BK324,Expedia,France,Adventure,10/17/2026,1760,Confirmed,1000
BK325,Booking.com,Germany,Leisure,10/17/2026,3180,Confirmed,1000
BK326,Agoda,UK,Adventure,10/17/2026,1280,Confirmed,1000
BK327,Trip.com,China,Leisure,10/18/2026,2320,Confirmed,1000
BK328,TUI,Japan,Adventure,10/18/2026,3620,Confirmed,1000
BK329,Expedia,France,Leisure,10/18/2026,2060,Confirmed,1000
BK330,Booking.com,UK,Adventure,10/19/2026,1550,Confirmed,1000
BK331,Agoda,Germany,Leisure,10/19/2026,2290,Confirmed,1000
BK332,Trip.com,China,Adventure,10/19/2026,2080,Cancelled,1000
BK333,TUI,UK,Leisure,10/20/2026,1410,Confirmed,1000
BK334,Expedia,Japan,Adventure,10/20/2026,3190,Confirmed,1000
BK335,Booking.com,Germany,Leisure,10/20/2026,2920,Confirmed,1000
BK336,Agoda,France,Leisure,10/21/2026,1880,Confirmed,1000
BK337,Trip.com,UK,Adventure,10/21/2026,1450,Confirmed,1000
BK338,TUI,China,Leisure,10/21/2026,2550,Confirmed,1000
BK339,Expedia,Germany,Adventure,10/22/2026,1740,Confirmed,1000
BK340,Booking.com,Japan,Leisure,10/22/2026,3290,Confirmed,1000
BK341,Agoda,France,Adventure,10/22/2026,2120,Confirmed,1000
BK342,Trip.com,UK,Leisure,10/23/2026,1210,Cancelled,1000
BK343,TUI,Germany,Adventure,10/23/2026,1830,Confirmed,1000
BK344,Expedia,China,Leisure,10/23/2026,2980,Confirmed,1000
BK345,Booking.com,Japan,Adventure,10/24/2026,3460,Confirmed,1000
BK346,Agoda,Germany,Leisure,10/24/2026,2390,Confirmed,1000
BK347,Trip.com,France,Adventure,10/24/2026,1990,Confirmed,1000
BK348,TUI,UK,Leisure,10/25/2026,1480,Confirmed,1000
BK349,Expedia,China,Leisure,10/25/2026,2820,Confirmed,1000
BK350,Booking.com,Japan,Adventure,10/25/2026,3620,Confirmed,1000
BK351,Agoda,France,Leisure,10/26/2026,2050,Confirmed,1000
BK352,Trip.com,UK,Adventure,10/26/2026,1320,Cancelled,1000
BK353,TUI,Germany,Leisure,10/26/2026,2190,Confirmed,1000
BK354,Expedia,Japan,Adventure,10/27/2026,3230,Confirmed,1000
BK355,Booking.com,Germany,Leisure,10/27/2026,3050,Confirmed,1000
BK356,Agoda,UK,Adventure,10/27/2026,1550,Confirmed,1000
BK357,Trip.com,China,Leisure,10/28/2026,2440,Confirmed,1000
BK358,TUI,France,Leisure,10/28/2026,1790,Confirmed,1000
BK359,Expedia,UK,Adventure,10/28/2026,1620,Confirmed,1000
BK360,Booking.com,Germany,Leisure,10/29/2026,3120,Confirmed,1000
BK361,Agoda,Japan,Adventure,10/29/2026,3560,Confirmed,1000
BK362,Trip.com,France,Leisure,10/29/2026,1850,Cancelled,1000
BK363,TUI,UK,Adventure,10/30/2026,1430,Confirmed,1000
BK364,Expedia,Germany,Leisure,10/30/2026,2290,Confirmed,1000
BK365,Booking.com,China,Leisure,10/30/2026,2700,Confirmed,1000
BK366,Agoda,Japan,Adventure,10/31/2026,3390,Confirmed,1000
BK367,Trip.com,France,Adventure,10/31/2026,1930,Confirmed,1000
BK368,TUI,Germany,Leisure,10/31/2026,2150,Confirmed,1000
BK369,Expedia,UK,Adventure,11/1/2026,1290,Confirmed,1000
BK370,Booking.com,Japan,Leisure,11/1/2026,3230,Confirmed,1000
BK371,Agoda,China,Leisure,11/1/2026,2540,Confirmed,1000
BK372,Trip.com,Germany,Adventure,11/2/2026,2190,Cancelled,1000
BK373,TUI,France,Leisure,11/2/2026,1820,Confirmed,1000
BK374,Expedia,UK,Adventure,11/2/2026,1490,Confirmed,1000
BK375,Booking.com,China,Leisure,11/3/2026,2720,Confirmed,1000
BK376,Agoda,Japan,Leisure,11/3/2026,3130,Confirmed,1000
BK377,Trip.com,Germany,Adventure,11/3/2026,2050,Confirmed,1000
BK378,TUI,France,Adventure,11/4/2026,1950,Confirmed,1000
BK379,Expedia,UK,Leisure,11/4/2026,1280,Confirmed,1000
BK380,Booking.com,Germany,Leisure,11/4/2026,2960,Confirmed,1000
BK381,Agoda,China,Adventure,11/5/2026,1690,Confirmed,1000
BK382,Trip.com,Japan,Leisure,11/5/2026,3330,Cancelled,1000
BK383,TUI,UK,Leisure,11/5/2026,1450,Confirmed,1000
BK384,Expedia,France,Adventure,11/6/2026,1830,Confirmed,1000
BK385,Booking.com,Germany,Leisure,11/6/2026,3250,Confirmed,1000
BK386,Agoda,UK,Adventure,11/6/2026,1350,Confirmed,1000
BK387,Trip.com,China,Leisure,11/7/2026,2390,Confirmed,1000
BK388,TUI,Japan,Adventure,11/7/2026,3690,Confirmed,1000
BK389,Expedia,France,Leisure,11/7/2026,2130,Confirmed,1000
BK390,Booking.com,UK,Adventure,11/8/2026,1620,Confirmed,1000
BK391,Agoda,Germany,Leisure,11/8/2026,2360,Confirmed,1000
BK392,Trip.com,China,Adventure,11/8/2026,2150,Cancelled,1000
BK393,TUI,UK,Leisure,11/9/2026,1480,Confirmed,1000
BK394,Expedia,Japan,Adventure,11/9/2026,3260,Confirmed,1000
BK395,Booking.com,Germany,Leisure,11/9/2026,2990,Confirmed,1000
BK396,Agoda,France,Leisure,11/10/2026,1950,Confirmed,1000
BK397,Trip.com,UK,Adventure,11/10/2026,1520,Confirmed,1000
BK398,TUI,China,Leisure,11/10/2026,2620,Confirmed,1000
BK399,Expedia,Germany,Adventure,11/11/2026,1810,Confirmed,1000
BK400,Booking.com,Japan,Leisure,11/11/2026,3360,Confirmed,1000
BK401,Agoda,France,Adventure,11/11/2026,2190,Confirmed,1000
BK402,Trip.com,UK,Leisure,11/12/2026,1280,Cancelled,1000
BK403,TUI,Germany,Adventure,11/12/2026,1900,Confirmed,1000
BK404,Expedia,China,Leisure,11/12/2026,3050,Confirmed,1000
BK405,Booking.com,Japan,Adventure,11/13/2026,3530,Confirmed,1000
BK406,Agoda,Germany,Leisure,11/13/2026,2460,Confirmed,1000
BK407,Trip.com,France,Adventure,11/13/2026,2060,Confirmed,1000
BK408,TUI,UK,Leisure,11/14/2026,1550,Confirmed,1000
BK409,Expedia,China,Leisure,11/14/2026,2890,Confirmed,1000
BK410,Booking.com,Japan,Adventure,11/14/2026,3690,Confirmed,1000
BK411,Agoda,France,Leisure,11/15/2026,2120,Confirmed,1000
BK412,Trip.com,UK,Adventure,11/15/2026,1390,Cancelled,1000
BK413,TUI,Germany,Leisure,11/15/2026,2260,Confirmed,1000
BK414,Expedia,Japan,Adventure,11/16/2026,3300,Confirmed,1000
BK415,Booking.com,Germany,Leisure,11/16/2026,3120,Confirmed,1000
BK416,Agoda,UK,Adventure,11/16/2026,1620,Confirmed,1000
BK417,Trip.com,China,Leisure,11/17/2026,2510,Confirmed,1000
BK418,TUI,France,Leisure,11/17/2026,1860,Confirmed,1000
BK419,Expedia,UK,Adventure,11/17/2026,1690,Confirmed,1000
BK420,Booking.com,Germany,Leisure,11/18/2026,3190,Confirmed,1000
BK421,Agoda,Japan,Adventure,11/18/2026,3630,Confirmed,1000
BK422,Trip.com,France,Leisure,11/18/2026,1920,Cancelled,1000
BK423,TUI,UK,Adventure,11/19/2026,1500,Confirmed,1000
BK424,Expedia,Germany,Leisure,11/19/2026,2360,Confirmed,1000
BK425,Booking.com,China,Leisure,11/19/2026,2770,Confirmed,1000
BK426,Agoda,Japan,Adventure,11/20/2026,3460,Confirmed,1000
BK427,Trip.com,France,Adventure,11/20/2026,2000,Confirmed,1000
BK428,TUI,Germany,Leisure,11/20/2026,2220,Confirmed,1000
BK429,Expedia,UK,Adventure,11/21/2026,1360,Confirmed,1000
BK430,Booking.com,Japan,Leisure,11/21/2026,3300,Confirmed,1000
BK431,Agoda,China,Leisure,11/21/2026,2610,Confirmed,1000
BK432,Trip.com,Germany,Adventure,11/22/2026,2260,Cancelled,1000
BK433,TUI,France,Leisure,11/22/2026,1890,Confirmed,1000
BK434,Expedia,UK,Adventure,11/22/2026,1560,Confirmed,1000
BK435,Booking.com,China,Leisure,11/23/2026,2790,Confirmed,1000
BK436,Agoda,Japan,Leisure,11/23/2026,3200,Confirmed,1000
BK437,Trip.com,Germany,Adventure,11/23/2026,2120,Confirmed,1000
BK438,TUI,France,Adventure,11/24/2026,2020,Confirmed,1000
BK439,Expedia,UK,Leisure,11/24/2026,1350,Confirmed,1000
BK440,Booking.com,Germany,Leisure,11/24/2026,3030,Confirmed,1000
BK441,Agoda,China,Adventure,11/25/2026,1760,Confirmed,1000
BK442,Trip.com,Japan,Leisure,11/25/2026,3400,Cancelled,1000
BK443,TUI,UK,Leisure,11/25/2026,1520,Confirmed,1000
BK444,Expedia,France,Adventure,11/26/2026,1900,Confirmed,1000
BK445,Booking.com,Germany,Leisure,11/26/2026,3320,Confirmed,1000
BK446,Agoda,UK,Adventure,11/26/2026,1420,Confirmed,1000
BK447,Trip.com,China,Leisure,11/27/2026,2460,Confirmed,1000
BK448,TUI,Japan,Adventure,11/27/2026,3760,Confirmed,1000
BK449,Expedia,France,Leisure,11/27/2026,2200,Confirmed,1000
BK450,Booking.com,UK,Adventure,11/28/2026,1690,Confirmed,1000
BK451,Agoda,Germany,Leisure,11/28/2026,2430,Confirmed,1000
BK452,Trip.com,China,Adventure,11/28/2026,2220,Cancelled,1000
BK453,TUI,UK,Leisure,11/29/2026,1550,Confirmed,1000
BK454,Expedia,Japan,Adventure,11/29/2026,3330,Confirmed,1000
BK455,Booking.com,Germany,Leisure,11/29/2026,3060,Confirmed,1000
BK456,Agoda,France,Leisure,11/30/2026,2020,Confirmed,1000
BK457,Trip.com,UK,Adventure,11/30/2026,1590,Confirmed,1000
BK458,TUI,China,Leisure,11/30/2026,2690,Confirmed,1000
BK459,Expedia,Germany,Adventure,12/1/2026,1880,Confirmed,1000
BK460,Booking.com,Japan,Leisure,12/1/2026,3430,Confirmed,1000
BK461,Agoda,France,Adventure,12/1/2026,2260,Confirmed,1000
BK462,Trip.com,UK,Leisure,12/2/2026,1350,Cancelled,1000
BK463,TUI,Germany,Adventure,12/2/2026,1970,Confirmed,1000
BK464,Expedia,China,Leisure,12/2/2026,3120,Confirmed,1000
BK465,Booking.com,Japan,Adventure,12/3/2026,3600,Confirmed,1000
BK466,Agoda,Germany,Leisure,12/3/2026,2530,Confirmed,1000
BK467,Trip.com,France,Adventure,12/3/2026,2130,Confirmed,1000
BK468,TUI,UK,Leisure,12/4/2026,1620,Confirmed,1000
BK469,Expedia,China,Leisure,12/4/2026,2960,Confirmed,1000
BK470,Booking.com,Japan,Adventure,12/4/2026,3760,Confirmed,1000
BK471,Agoda,France,Leisure,12/5/2026,2190,Confirmed,1000
BK472,Trip.com,UK,Adventure,12/5/2026,1460,Cancelled,1000
BK473,TUI,Germany,Leisure,12/5/2026,2330,Confirmed,1000
BK474,Expedia,Japan,Adventure,12/6/2026,3370,Confirmed,1000
BK475,Booking.com,Germany,Leisure,12/6/2026,3190,Confirmed,1000
BK476,Agoda,UK,Adventure,12/6/2026,1690,Confirmed,1000
BK477,Trip.com,China,Leisure,12/7/2026,2580,Confirmed,1000
BK478,TUI,France,Leisure,12/7/2026,1930,Confirmed,1000
BK479,Expedia,UK,Adventure,12/7/2026,1760,Confirmed,1000
BK480,Booking.com,Germany,Leisure,12/8/2026,3260,Confirmed,1000
BK481,Agoda,Japan,Adventure,12/8/2026,3700,Confirmed,1000
BK482,Trip.com,France,Leisure,12/8/2026,1990,Cancelled,1000
BK483,TUI,UK,Adventure,12/9/2026,1570,Confirmed,1000
BK484,Expedia,Germany,Leisure,12/9/2026,2430,Confirmed,1000
BK485,Booking.com,China,Leisure,12/9/2026,2840,Confirmed,1000
BK486,Agoda,Japan,Adventure,12/10/2026,3530,Confirmed,1000
BK487,Trip.com,France,Adventure,12/10/2026,2070,Confirmed,1000
BK488,TUI,Germany,Leisure,12/10/2026,2290,Confirmed,1000
BK489,Expedia,UK,Adventure,12/11/2026,1430,Confirmed,1000
BK490,Booking.com,Japan,Leisure,12/11/2026,3370,Confirmed,1000
BK491,Agoda,China,Leisure,12/11/2026,2680,Confirmed,1000
BK492,Trip.com,Germany,Adventure,12/12/2026,2330,Cancelled,1000
BK493,TUI,France,Leisure,12/12/2026,1960,Confirmed,1000
BK494,Expedia,UK,Adventure,12/12/2026,1630,Confirmed,1000
BK495,Booking.com,China,Leisure,12/13/2026,2860,Confirmed,1000
BK496,Agoda,Japan,Leisure,12/13/2026,3270,Confirmed,1000
BK497,Trip.com,Germany,Adventure,12/13/2026,2190,Confirmed,1000
BK498,TUI,France,Adventure,12/14/2026,2090,Confirmed,1000
BK499,Expedia,UK,Leisure,12/14/2026,1420,Confirmed,1000
BK500,Booking.com,Germany,Leisure,12/14/2026,3100,Confirmed,1000
BK501,Agoda,China,Adventure,12/15/2026,1830,Confirmed,1000
BK502,Trip.com,Japan,Leisure,12/15/2026,3470,Cancelled,1000
BK503,TUI,UK,Leisure,12/15/2026,1590,Confirmed,1000
BK504,Expedia,France,Adventure,12/16/2026,1970,Confirmed,1000
BK505,Booking.com,Germany,Leisure,12/16/2026,3390,Confirmed,1000
BK506,Agoda,UK,Adventure,12/16/2026,1490,Confirmed,1000
BK507,Trip.com,China,Leisure,12/17/2026,2530,Confirmed,1000
BK508,TUI,Japan,Adventure,12/17/2026,3830,Confirmed,1000
BK509,Expedia,France,Leisure,12/17/2026,2270,Confirmed,1000
BK510,Booking.com,UK,Adventure,12/18/2026,1760,Confirmed,1000
BK511,Agoda,Germany,Leisure,12/18/2026,2500,Confirmed,1000
BK512,Trip.com,China,Adventure,12/18/2026,2290,Cancelled,1000
BK513,TUI,UK,Leisure,12/19/2026,1620,Confirmed,1000
BK514,Expedia,Japan,Adventure,12/19/2026,3400,Confirmed,1000
BK515,Booking.com,Germany,Leisure,12/19/2026,3130,Confirmed,1000
BK516,Agoda,France,Leisure,12/20/2026,2090,Confirmed,1000
BK517,Trip.com,UK,Adventure,12/20/2026,1660,Confirmed,1000
BK518,TUI,China,Leisure,12/20/2026,2760,Confirmed,1000
BK519,Expedia,Germany,Adventure,12/21/2026,1950,Confirmed,1000
BK520,Booking.com,Japan,Leisure,12/21/2026,3500,Confirmed,1000
BK521,Agoda,France,Adventure,12/21/2026,2330,Confirmed,1000
BK522,Trip.com,UK,Leisure,12/22/2026,1420,Cancelled,1000
BK523,TUI,Germany,Adventure,12/22/2026,2040,Confirmed,1000
BK524,Expedia,China,Leisure,12/22/2026,3190,Confirmed,1000
BK525,Booking.com,Japan,Adventure,12/23/2026,3670,Confirmed,1000
BK526,Agoda,Germany,Leisure,12/23/2026,2600,Confirmed,1000
BK527,Trip.com,France,Adventure,12/23/2026,2200,Confirmed,1000
BK528,TUI,UK,Leisure,12/24/2026,1690,Confirmed,1000
BK529,Expedia,China,Leisure,12/24/2026,3030,Confirmed,1000
BK530,Booking.com,Japan,Adventure,12/24/2026,3830,Confirmed,1000
BK531,Agoda,France,Leisure,12/25/2026,2260,Confirmed,1000
BK532,Trip.com,UK,Adventure,12/25/2026,1530,Cancelled,1000
BK533,TUI,Germany,Leisure,12/25/2026,2400,Confirmed,1000
BK534,Expedia,Japan,Adventure,12/26/2026,3440,Confirmed,1000
BK535,Booking.com,Germany,Leisure,12/26/2026,3260,Confirmed,1000
BK536,Agoda,UK,Adventure,12/26/2026,1760,Confirmed,1000
BK537,Trip.com,China,Leisure,12/27/2026,2650,Confirmed,1000
BK538,TUI,France,Leisure,12/27/2026,2000,Confirmed,1000
BK539,Expedia,UK,Adventure,12/27/2026,1830,Confirmed,1000
BK540,Booking.com,Germany,Leisure,12/28/2026,3330,Confirmed,1000
BK541,Agoda,Japan,Adventure,12/28/2026,3770,Confirmed,1000
BK542,Trip.com,France,Leisure,12/28/2026,2060,Cancelled,1000
BK543,TUI,UK,Adventure,12/29/2026,1640,Confirmed,1000
BK544,Expedia,Germany,Leisure,12/29/2026,2500,Confirmed,1000
BK545,Booking.com,China,Leisure,12/29/2026,2910,Confirmed,1000
BK546,Agoda,Japan,Adventure,12/30/2026,3600,Confirmed,1000
BK547,Trip.com,France,Adventure,12/30/2026,2140,Confirmed,1000
BK548,TUI,Germany,Leisure,12/30/2026,2360,Confirmed,1000
BK549,Expedia,UK,Adventure,12/31/2026,1500,Confirmed,1000
BK550,Booking.com,Japan,Leisure,12/31/2026,3440,Confirmed,1000
BK551,Agoda,China,Leisure,12/31/2026,2750,Confirmed,1000
BK552,Trip.com,Germany,Adventure,1/1/2027,2400,Cancelled,1000
BK553,TUI,France,Leisure,1/1/2027,2030,Confirmed,1000
BK554,Expedia,UK,Adventure,1/1/2027,1700,Confirmed,1000
BK555,Booking.com,China,Leisure,1/2/2027,2930,Confirmed,1000
BK556,Agoda,Japan,Leisure,1/2/2027,3340,Confirmed,1000
BK557,Trip.com,Germany,Adventure,1/2/2027,2260,Confirmed,1000
BK558,TUI,France,Adventure,1/3/2027,2160,Confirmed,1000
BK559,Expedia,UK,Leisure,1/3/2027,1490,Confirmed,1000
BK560,Booking.com,Germany,Leisure,1/3/2027,3170,Confirmed,1000
BK561,Agoda,China,Adventure,1/4/2027,1900,Confirmed,1000
BK562,Trip.com,Japan,Leisure,1/4/2027,3540,Cancelled,1000
BK563,TUI,UK,Leisure,1/4/2027,1660,Confirmed,1000
BK564,Expedia,France,Adventure,1/5/2027,2040,Confirmed,1000
BK565,Booking.com,Germany,Leisure,1/5/2027,3460,Confirmed,1000
BK566,Agoda,UK,Adventure,1/5/2027,1560,Confirmed,1000
BK567,Trip.com,China,Leisure,1/6/2027,2600,Confirmed,1000
BK568,TUI,Japan,Adventure,1/6/2027,3900,Confirmed,1000
BK569,Expedia,France,Leisure,1/6/2027,2340,Confirmed,1000
BK570,Booking.com,UK,Adventure,1/7/2027,1830,Confirmed,1000
BK571,Agoda,Germany,Leisure,1/7/2027,2570,Confirmed,1000
BK572,Trip.com,China,Adventure,1/7/2027,2360,Cancelled,1000
BK573,TUI,UK,Leisure,1/8/2027,1690,Confirmed,1000
BK574,Expedia,Japan,Adventure,1/8/2027,3470,Confirmed,1000
BK575,Booking.com,Germany,Leisure,1/8/2027,3200,Confirmed,1000
BK576,Agoda,France,Leisure,1/9/2027,2160,Confirmed,1000
BK577,Trip.com,UK,Adventure,1/9/2027,1730,Confirmed,1000
BK578,TUI,China,Leisure,1/9/2027,2830,Confirmed,1000
BK579,Expedia,Germany,Adventure,1/10/2027,2020,Confirmed,1000
BK580,Booking.com,Japan,Leisure,1/10/2027,3570,Confirmed,1000
BK581,Agoda,France,Adventure,1/10/2027,2400,Confirmed,1000
BK582,Trip.com,UK,Leisure,1/11/2027,1490,Cancelled,1000
BK583,TUI,Germany,Adventure,1/11/2027,2110,Confirmed,1000
BK584,Expedia,China,Leisure,1/11/2027,3260,Confirmed,1000
BK585,Booking.com,Japan,Adventure,1/12/2027,3740,Confirmed,1000
BK586,Agoda,Germany,Leisure,1/12/2027,2670,Confirmed,1000
BK587,Trip.com,France,Adventure,1/12/2027,2270,Confirmed,1000
BK588,TUI,UK,Leisure,1/13/2027,1760,Confirmed,1000
BK589,Expedia,China,Leisure,1/13/2027,3100,Confirmed,1000
BK590,Booking.com,Japan,Adventure,1/13/2027,3900,Confirmed,1000
BK591,Agoda,France,Leisure,1/14/2027,2330,Confirmed,1000
BK592,Trip.com,UK,Adventure,1/14/2027,1600,Cancelled,1000
BK593,TUI,Germany,Leisure,1/14/2027,2470,Confirmed,1000
BK594,Expedia,Japan,Adventure,1/15/2027,3510,Confirmed,1000
BK595,Booking.com,Germany,Leisure,1/15/2027,3330,Confirmed,1000
BK596,Agoda,UK,Adventure,1/15/2027,1830,Confirmed,1000
BK597,Trip.com,China,Leisure,1/16/2027,2720,Confirmed,1000
BK598,TUI,France,Leisure,1/16/2027,2070,Confirmed,1000
BK599,Expedia,UK,Adventure,1/16/2027,1900,Confirmed,1000
BK600,Booking.com,Germany,Leisure,1/17/2027,3400,Confirmed,1000
BK601,Agoda,Japan,Adventure,1/17/2027,3840,Confirmed,1000
BK602,Trip.com,France,Leisure,1/17/2027,2130,Cancelled,1000
BK603,TUI,UK,Adventure,1/18/2027,1710,Confirmed,1000
BK604,Expedia,Germany,Leisure,1/18/2027,2570,Confirmed,1000
BK605,Booking.com,China,Leisure,1/18/2027,2980,Confirmed,1000
BK606,Agoda,Japan,Adventure,1/19/2027,3670,Confirmed,1000
BK607,Trip.com,France,Adventure,1/19/2027,2210,Confirmed,1000
BK608,TUI,Germany,Leisure,1/19/2027,2430,Confirmed,1000
BK609,Expedia,UK,Adventure,1/20/2027,1570,Confirmed,1000
BK610,Booking.com,Japan,Leisure,1/20/2027,3510,Confirmed,1000
BK611,Agoda,China,Leisure,1/20/2027,2820,Confirmed,1000
BK612,Trip.com,Germany,Adventure,1/21/2027,2470,Cancelled,1000
BK613,TUI,France,Leisure,1/21/2027,2100,Confirmed,1000
BK614,Expedia,UK,Adventure,1/21/2027,1770,Confirmed,1000
BK615,Booking.com,China,Leisure,1/22/2027,3000,Confirmed,1000
BK616,Agoda,Japan,Leisure,1/22/2027,3410,Confirmed,1000
BK617,Trip.com,Germany,Adventure,1/22/2027,2330,Confirmed,1000
BK618,TUI,France,Adventure,1/23/2027,2230,Confirmed,1000
BK619,Expedia,UK,Leisure,1/23/2027,1560,Confirmed,1000
BK620,Booking.com,Germany,Leisure,1/23/2027,3240,Confirmed,1000
BK621,Agoda,China,Adventure,1/24/2027,1970,Confirmed,1000
BK622,Trip.com,Japan,Leisure,1/24/2027,3610,Cancelled,1000
BK623,TUI,UK,Leisure,1/24/2027,1730,Confirmed,1000
BK624,Expedia,France,Adventure,1/25/2027,2110,Confirmed,1000
BK625,Booking.com,Germany,Leisure,1/25/2027,3530,Confirmed,1000
BK626,Agoda,UK,Adventure,1/25/2027,1630,Confirmed,1000
BK627,Trip.com,China,Leisure,1/26/2027,2670,Confirmed,1000
BK628,TUI,Japan,Adventure,1/26/2027,3970,Confirmed,1000
BK629,Expedia,France,Leisure,1/26/2027,2410,Confirmed,1000
BK630,Booking.com,UK,Adventure,1/27/2027,1900,Confirmed,1000
BK631,Agoda,Germany,Leisure,1/27/2027,2640,Confirmed,1000
BK632,Trip.com,China,Adventure,1/27/2027,2430,Cancelled,1000
BK633,TUI,UK,Leisure,1/28/2027,1760,Confirmed,1000
BK634,Expedia,Japan,Adventure,1/28/2027,3540,Confirmed,1000
BK635,Booking.com,Germany,Leisure,1/28/2027,3270,Confirmed,1000
BK636,Agoda,France,Leisure,1/29/2027,2230,Confirmed,1000
BK637,Trip.com,UK,Adventure,1/29/2027,1800,Confirmed,1000
BK638,TUI,China,Leisure,1/29/2027,2900,Confirmed,1000
BK639,Expedia,Germany,Adventure,1/30/2027,2090,Confirmed,1000
BK640,Booking.com,Japan,Leisure,1/30/2027,3640,Confirmed,1000
BK641,Agoda,France,Adventure,1/30/2027,2470,Confirmed,1000
BK642,Trip.com,UK,Leisure,1/31/2027,1560,Cancelled,1000
BK643,TUI,Germany,Adventure,1/31/2027,2180,Confirmed,1000
BK644,Expedia,China,Leisure,1/31/2027,3330,Confirmed,1000
BK645,Booking.com,Japan,Adventure,2/1/2027,3810,Confirmed,1000
BK646,Agoda,Germany,Leisure,2/1/2027,2740,Confirmed,1000
BK647,Trip.com,France,Adventure,2/1/2027,2340,Confirmed,1000
BK648,TUI,UK,Leisure,2/2/2027,1830,Confirmed,1000
BK649,Expedia,China,Leisure,2/2/2027,3170,Confirmed,1000
BK650,Booking.com,Japan,Adventure,2/2/2027,3970,Confirmed,1000
BK651,Agoda,France,Leisure,2/3/2027,2400,Confirmed,1000
BK652,Trip.com,UK,Adventure,2/3/2027,1670,Cancelled,1000
BK653,TUI,Germany,Leisure,2/3/2027,2540,Confirmed,1000
BK654,Expedia,Japan,Adventure,2/4/2027,3580,Confirmed,1000
BK655,Booking.com,Germany,Leisure,2/4/2027,3400,Confirmed,1000
BK656,Agoda,UK,Adventure,2/4/2027,1900,Confirmed,1000
BK657,Trip.com,China,Leisure,2/5/2027,2790,Confirmed,1000
BK658,TUI,France,Leisure,2/5/2027,2140,Confirmed,1000
BK659,Expedia,UK,Adventure,2/5/2027,1970,Confirmed,1000
BK660,Booking.com,Germany,Leisure,2/6/2027,3470,Confirmed,1000
BK661,Agoda,Japan,Adventure,2/6/2027,3910,Confirmed,1000
BK662,Trip.com,France,Leisure,2/6/2027,2200,Cancelled,1000
BK663,TUI,UK,Adventure,2/7/2027,1780,Confirmed,1000
BK664,Expedia,Germany,Leisure,2/7/2027,2640,Confirmed,1000
BK665,Booking.com,China,Leisure,2/7/2027,3050,Confirmed,1000
BK666,Agoda,Japan,Adventure,2/8/2027,3740,Confirmed,1000
BK667,Trip.com,France,Adventure,2/8/2027,2280,Confirmed,1000
BK668,TUI,Germany,Leisure,2/8/2027,2500,Confirmed,1000
BK669,Expedia,UK,Adventure,2/9/2027,1640,Confirmed,1000
BK670,Booking.com,Japan,Leisure,2/9/2027,3580,Confirmed,1000
BK671,Agoda,China,Leisure,2/9/2027,2890,Confirmed,1000
BK672,Trip.com,Germany,Adventure,2/10/2027,2540,Cancelled,1000
BK673,TUI,France,Leisure,2/10/2027,2170,Confirmed,1000
BK674,Expedia,UK,Adventure,2/10/2027,1840,Confirmed,1000
BK675,Booking.com,China,Leisure,2/11/2027,3070,Confirmed,1000
BK676,Agoda,Japan,Leisure,2/11/2027,3480,Confirmed,1000
BK677,Trip.com,Germany,Adventure,2/11/2027,2400,Confirmed,1000
BK678,TUI,France,Adventure,2/12/2027,2300,Confirmed,1000
BK679,Expedia,UK,Leisure,2/12/2027,1630,Confirmed,1000
BK680,Booking.com,Germany,Leisure,2/12/2027,3310,Confirmed,1000
BK681,Agoda,China,Adventure,2/13/2027,2040,Confirmed,1000
BK682,Trip.com,Japan,Leisure,2/13/2027,3680,Cancelled,1000
BK683,TUI,UK,Leisure,2/13/2027,1800,Confirmed,1000
BK684,Expedia,France,Adventure,2/14/2027,2180,Confirmed,1000
BK685,Booking.com,Germany,Leisure,2/14/2027,3600,Confirmed,1000
BK686,Agoda,UK,Adventure,2/14/2027,1700,Confirmed,1000
BK687,Trip.com,China,Leisure,2/15/2027,2740,Confirmed,1000
BK688,TUI,Japan,Adventure,2/15/2027,4040,Confirmed,1000
BK689,Expedia,France,Leisure,2/15/2027,2480,Confirmed,1000
BK690,Booking.com,UK,Adventure,2/16/2027,1970,Confirmed,1000
BK691,Agoda,Germany,Leisure,2/16/2027,2710,Confirmed,1000
BK692,Trip.com,China,Adventure,2/16/2027,2500,Cancelled,1000
BK693,TUI,UK,Leisure,2/17/2027,1830,Confirmed,1000
BK694,Expedia,Japan,Adventure,2/17/2027,3610,Confirmed,1000
BK695,Booking.com,Germany,Leisure,2/17/2027,3340,Confirmed,1000
BK696,Agoda,France,Leisure,2/18/2027,2300,Confirmed,1000
BK697,Trip.com,UK,Adventure,2/18/2027,1870,Confirmed,1000
BK698,TUI,China,Leisure,2/18/2027,2970,Confirmed,1000
BK699,Expedia,Germany,Adventure,2/19/2027,2160,Confirmed,1000
BK700,Booking.com,Japan,Leisure,2/19/2027,3710,Confirmed,1000
BK701,Agoda,France,Adventure,2/19/2027,2540,Confirmed,1000
BK702,Trip.com,UK,Leisure,2/20/2027,1630,Cancelled,1000
BK703,TUI,Germany,Adventure,2/20/2027,2250,Confirmed,1000
BK704,Expedia,China,Leisure,2/20/2027,3400,Confirmed,1000
BK705,Booking.com,Japan,Adventure,2/21/2027,3880,Confirmed,1000
BK706,Agoda,Germany,Leisure,2/21/2027,2810,Confirmed,1000
BK707,Trip.com,France,Adventure,2/21/2027,2410,Confirmed,1000
BK708,TUI,UK,Leisure,2/22/2027,1900,Confirmed,1000
BK709,Expedia,China,Leisure,2/22/2027,3240,Confirmed,1000
BK710,Booking.com,Japan,Adventure,2/22/2027,4040,Confirmed,1000
BK711,Agoda,France,Leisure,2/23/2027,2470,Confirmed,1000
BK712,Trip.com,UK,Adventure,2/23/2027,1740,Cancelled,1000
BK713,TUI,Germany,Leisure,2/23/2027,2610,Confirmed,1000
BK714,Expedia,Japan,Adventure,2/24/2027,3650,Confirmed,1000
BK715,Booking.com,Germany,Leisure,2/24/2027,3470,Confirmed,1000
BK716,Agoda,UK,Adventure,2/24/2027,1970,Confirmed,1000
BK717,Trip.com,China,Leisure,2/25/2027,2860,Confirmed,1000
BK718,TUI,France,Leisure,2/25/2027,2210,Confirmed,1000
BK719,Expedia,UK,Adventure,2/25/2027,2040,Confirmed,1000
BK720,Booking.com,Germany,Leisure,2/26/2027,3540,Confirmed,1000
BK721,Agoda,Japan,Adventure,2/26/2027,3980,Confirmed,1000
BK722,Trip.com,France,Leisure,2/26/2027,2270,Cancelled,1000
BK723,TUI,UK,Adventure,2/27/2027,1850,Confirmed,1000
BK724,Expedia,Germany,Leisure,2/27/2027,2710,Confirmed,1000
BK725,Booking.com,China,Leisure,2/27/2027,3120,Confirmed,1000
BK726,Agoda,Japan,Adventure,2/28/2027,3810,Confirmed,1000
BK727,Trip.com,France,Adventure,2/28/2027,2350,Confirmed,1000
BK728,TUI,Germany,Leisure,2/28/2027,2570,Confirmed,1000
BK729,Expedia,UK,Adventure,3/1/2027,1710,Confirmed,1000
BK730,Booking.com,Japan,Leisure,3/1/2027,3650,Confirmed,1000
BK731,Agoda,China,Leisure,3/1/2027,2960,Confirmed,1000
BK732,Trip.com,Germany,Adventure,3/2/2027,2610,Cancelled,1000
BK733,TUI,France,Leisure,3/2/2027,2240,Confirmed,1000
BK734,Expedia,UK,Adventure,3/2/2027,1910,Confirmed,1000
BK735,Booking.com,China,Leisure,3/3/2027,3140,Confirmed,1000
BK736,Agoda,Japan,Leisure,3/3/2027,3550,Confirmed,1000
BK737,Trip.com,Germany,Adventure,3/3/2027,2470,Confirmed,1000
BK738,TUI,France,Adventure,3/4/2027,2370,Confirmed,1000
BK739,Expedia,UK,Leisure,3/4/2027,1700,Confirmed,1000
BK740,Booking.com,Germany,Leisure,3/4/2027,3380,Confirmed,1000
BK741,Agoda,China,Adventure,3/5/2027,2110,Confirmed,1000
BK742,Trip.com,Japan,Leisure,3/5/2027,3750,Cancelled,1000
BK743,TUI,UK,Leisure,3/5/2027,1870,Confirmed,1000
BK744,Expedia,France,Adventure,3/6/2027,2250,Confirmed,1000
BK745,Booking.com,Germany,Leisure,3/6/2027,3670,Confirmed,1000
BK746,Agoda,UK,Adventure,3/6/2027,1770,Confirmed,1000
BK747,Trip.com,China,Leisure,3/7/2027,2810,Confirmed,1000
BK748,TUI,Japan,Adventure,3/7/2027,4110,Confirmed,1000
BK749,Expedia,France,Leisure,3/7/2027,2550,Confirmed,1000
BK750,Booking.com,UK,Adventure,3/8/2027,2040,Confirmed,1000
BK751,Agoda,Germany,Leisure,3/8/2027,2780,Confirmed,1000
BK752,Trip.com,China,Adventure,3/8/2027,2570,Cancelled,1000
BK753,TUI,UK,Leisure,3/9/2027,1900,Confirmed,1000
BK754,Expedia,Japan,Adventure,3/9/2027,3680,Confirmed,1000
BK755,Booking.com,Germany,Leisure,3/9/2027,3410,Confirmed,1000
BK756,Agoda,France,Leisure,3/10/2027,2370,Confirmed,1000
BK757,Trip.com,UK,Adventure,3/10/2027,1940,Confirmed,1000
BK758,TUI,China,Leisure,3/10/2027,3040,Confirmed,1000
BK759,Expedia,Germany,Adventure,3/11/2027,2230,Confirmed,1000
BK760,Booking.com,Japan,Leisure,3/11/2027,3780,Confirmed,1000
BK761,Agoda,France,Adventure,3/11/2027,2610,Confirmed,1000
BK762,Trip.com,UK,Leisure,3/12/2027,1700,Cancelled,1000
BK763,TUI,Germany,Adventure,3/12/2027,2320,Confirmed,1000
BK764,Expedia,China,Leisure,3/12/2027,3470,Confirmed,1000
BK765,Booking.com,Japan,Adventure,3/13/2027,3950,Confirmed,1000
BK766,Agoda,Germany,Leisure,3/13/2027,2880,Confirmed,1000
BK767,Trip.com,France,Adventure,3/13/2027,2480,Confirmed,1000
BK768,TUI,UK,Leisure,3/14/2027,1970,Confirmed,1000
BK769,Expedia,China,Leisure,3/14/2027,3310,Confirmed,1000
BK770,Booking.com,Japan,Adventure,3/14/2027,4110,Confirmed,1000
BK771,Agoda,France,Leisure,3/15/2027,2540,Confirmed,1000
BK772,Trip.com,UK,Adventure,3/15/2027,1810,Cancelled,1000
BK773,TUI,Germany,Leisure,3/15/2027,2680,Confirmed,1000
BK774,Expedia,Japan,Adventure,3/16/2027,3720,Confirmed,1000
BK775,Booking.com,Germany,Leisure,3/16/2027,3540,Confirmed,1000
BK776,Agoda,UK,Adventure,3/16/2027,1900,Confirmed,1000
BK777,Trip.com,China,Leisure,3/17/2027,2930,Confirmed,1000
BK778,TUI,France,Leisure,3/17/2027,2280,Confirmed,1000
BK779,Expedia,UK,Adventure,3/17/2027,2110,Confirmed,1000
BK780,Booking.com,Germany,Leisure,3/18/2027,3610,Confirmed,1000
BK781,Agoda,Japan,Adventure,3/18/2027,4050,Confirmed,1000
BK782,Trip.com,France,Leisure,3/18/2027,2340,Cancelled,1000
BK783,TUI,UK,Adventure,3/19/2027,1920,Confirmed,1000
BK784,Expedia,Germany,Leisure,3/19/2027,2780,Confirmed,1000
BK785,Booking.com,China,Leisure,3/19/2027,3190,Confirmed,1000
BK786,Agoda,Japan,Adventure,3/20/2027,3880,Confirmed,1000
BK787,Trip.com,France,Adventure,3/20/2027,2420,Confirmed,1000
BK788,TUI,Germany,Leisure,3/20/2027,2640,Confirmed,1000
BK789,Expedia,UK,Adventure,3/21/2027,1780,Confirmed,1000
BK790,Booking.com,Japan,Leisure,3/21/2027,3720,Confirmed,1000
BK791,Agoda,China,Leisure,3/21/2027,3030,Confirmed,1000
BK792,Trip.com,Germany,Adventure,3/22/2027,2680,Cancelled,1000
BK793,TUI,France,Leisure,3/22/2027,2310,Confirmed,1000
BK794,Expedia,UK,Adventure,3/22/2027,1980,Confirmed,1000
BK795,Booking.com,China,Leisure,3/23/2027,3210,Confirmed,1000
BK796,Agoda,Japan,Leisure,3/23/2027,3620,Confirmed,1000
BK797,Trip.com,Germany,Adventure,3/23/2027,2540,Confirmed,1000
BK798,TUI,France,Adventure,3/24/2027,2440,Confirmed,1000
BK799,Expedia,UK,Leisure,3/24/2027,1770,Confirmed,1000
BK800,Booking.com,Germany,Leisure,3/24/2027,3450,Confirmed,1000
BK801,Agoda,China,Adventure,3/25/2027,2180,Confirmed,1000
BK802,Trip.com,Japan,Leisure,3/25/2027,3820,Cancelled,1000
BK803,TUI,UK,Leisure,3/25/2027,1940,Confirmed,1000
BK804,Expedia,France,Adventure,3/26/2027,2320,Confirmed,1000
BK805,Booking.com,Germany,Leisure,3/26/2027,3740,Confirmed,1000
BK806,Agoda,UK,Adventure,3/26/2027,1840,Confirmed,1000
BK807,Trip.com,China,Leisure,3/27/2027,2880,Confirmed,1000
BK808,TUI,Japan,Adventure,3/27/2027,4180,Confirmed,1000
BK809,Expedia,France,Leisure,3/27/2027,2620,Confirmed,1000
BK810,Booking.com,UK,Adventure,3/28/2027,2110,Confirmed,1000
BK811,Agoda,Germany,Leisure,3/28/2027,2850,Confirmed,1000
BK812,Trip.com,China,Adventure,3/28/2027,2640,Cancelled,1000
BK813,TUI,UK,Leisure,3/29/2027,1970,Confirmed,1000
BK814,Expedia,Japan,Adventure,3/29/2027,3750,Confirmed,1000
BK815,Booking.com,Germany,Leisure,3/29/2027,3480,Confirmed,1000
BK816,Agoda,France,Leisure,3/30/2027,2440,Confirmed,1000
BK817,Trip.com,UK,Adventure,3/30/2027,2010,Confirmed,1000
BK818,TUI,China,Leisure,3/30/2027,3110,Confirmed,1000
BK819,Expedia,Germany,Adventure,3/31/2027,2300,Confirmed,1000
BK820,Booking.com,Japan,Leisure,3/31/2027,3850,Confirmed,1000
BK821,Agoda,France,Adventure,3/31/2027,2680,Confirmed,1000
BK822,Trip.com,UK,Leisure,4/1/2027,1770,Cancelled,1000
BK823,TUI,Germany,Adventure,4/1/2027,2390,Confirmed,1000
BK824,Expedia,China,Leisure,4/1/2027,3540,Confirmed,1000
BK825,Booking.com,Japan,Adventure,4/2/2027,4020,Confirmed,1000
BK826,Agoda,Germany,Leisure,4/2/2027,2950,Confirmed,1000
BK827,Trip.com,France,Adventure,4/2/2027,2550,Confirmed,1000
BK828,TUI,UK,Leisure,4/3/2027,2040,Confirmed,1000
BK829,Expedia,China,Leisure,4/3/2027,3380,Confirmed,1000
BK830,Booking.com,Japan,Adventure,4/3/2027,4180,Confirmed,1000
BK831,Agoda,France,Leisure,4/4/2027,2610,Confirmed,1000
BK832,Trip.com,UK,Adventure,4/4/2027,1880,Cancelled,1000
BK833,TUI,Germany,Leisure,4/4/2027,2750,Confirmed,1000
BK834,Expedia,Japan,Adventure,4/5/2027,3790,Confirmed,1000
BK835,Booking.com,Germany,Leisure,4/5/2027,3610,Confirmed,1000
BK836,Agoda,UK,Adventure,4/5/2027,1970,Confirmed,1000
BK837,Trip.com,China,Leisure,4/6/2027,3000,Confirmed,1000
BK838,TUI,France,Leisure,4/6/2027,2350,Confirmed,1000
BK839,Expedia,UK,Adventure,4/6/2027,2180,Confirmed,1000
BK840,Booking.com,Germany,Leisure,4/7/2027,3680,Confirmed,1000
BK841,Agoda,Japan,Adventure,4/7/2027,4120,Confirmed,1000
BK842,Trip.com,France,Leisure,4/7/2027,2410,Cancelled,1000
BK843,TUI,UK,Adventure,4/8/2027,1990,Confirmed,1000
BK844,Expedia,Germany,Leisure,4/8/2027,2850,Confirmed,1000
BK845,Booking.com,China,Leisure,4/8/2027,3260,Confirmed,1000
BK846,Agoda,Japan,Adventure,4/9/2027,3950,Confirmed,1000
BK847,Trip.com,France,Adventure,4/9/2027,2490,Confirmed,1000
BK848,TUI,Germany,Leisure,4/9/2027,2710,Confirmed,1000
BK849,Expedia,UK,Adventure,4/10/2027,1850,Confirmed,1000
BK850,Booking.com,Japan,Leisure,4/10/2027,3790,Confirmed,1000
BK851,Agoda,China,Leisure,4/10/2027,3100,Confirmed,1000
BK852,Trip.com,Germany,Adventure,4/11/2027,2750,Cancelled,1000
BK853,TUI,France,Leisure,4/11/2027,2380,Confirmed,1000
BK854,Expedia,UK,Adventure,4/11/2027,2050,Confirmed,1000
BK855,Booking.com,China,Leisure,4/12/2027,3280,Confirmed,1000
BK856,Agoda,Japan,Leisure,4/12/2027,3690,Confirmed,1000
BK857,Trip.com,Germany,Adventure,4/12/2027,2610,Confirmed,1000
BK858,TUI,France,Adventure,4/13/2027,2510,Confirmed,1000
BK859,Expedia,UK,Leisure,4/13/2027,1840,Confirmed,1000
BK860,Booking.com,Germany,Leisure,4/13/2027,3520,Confirmed,1000
BK861,Agoda,China,Adventure,4/14/2027,2250,Confirmed,1000
BK862,Trip.com,Japan,Leisure,4/14/2027,3890,Cancelled,1000
BK863,TUI,UK,Leisure,4/14/2027,2010,Confirmed,1000
BK864,Expedia,France,Adventure,4/15/2027,2390,Confirmed,1000
BK865,Booking.com,Germany,Leisure,4/15/2027,3810,Confirmed,1000
BK866,Agoda,UK,Adventure,4/15/2027,1910,Confirmed,1000
BK867,Trip.com,China,Leisure,4/16/2027,2950,Confirmed,1000
BK868,TUI,Japan,Adventure,4/16/2027,4250,Confirmed,1000
BK869,Expedia,France,Leisure,4/16/2027,2690,Confirmed,1000
BK870,Booking.com,UK,Adventure,4/17/2027,2180,Confirmed,1000
BK871,Agoda,Germany,Leisure,4/17/2027,2920,Confirmed,1000
BK872,Trip.com,China,Adventure,4/17/2027,2710,Cancelled,1000
BK873,TUI,UK,Leisure,4/18/2027,2040,Confirmed,1000
BK874,Expedia,Japan,Adventure,4/18/2027,3820,Confirmed,1000
BK875,Booking.com,Germany,Leisure,4/18/2027,3550,Confirmed,1000
BK876,Agoda,France,Leisure,4/19/2027,2510,Confirmed,1000
BK877,Trip.com,UK,Adventure,4/19/2027,2080,Confirmed,1000
BK878,TUI,China,Leisure,4/19/2027,3180,Confirmed,1000
BK879,Expedia,Germany,Adventure,4/20/2027,2300,Confirmed,1000
BK880,Booking.com,Japan,Leisure,4/20/2027,3920,Confirmed,1000
BK881,Agoda,France,Adventure,4/20/2027,2750,Confirmed,1000
BK882,Trip.com,UK,Leisure,4/21/2027,1840,Cancelled,1000
BK883,TUI,Germany,Adventure,4/21/2027,2460,Confirmed,1000
BK884,Expedia,China,Leisure,4/21/2027,3610,Confirmed,1000
BK885,Booking.com,Japan,Adventure,4/22/2027,4090,Confirmed,1000
BK886,Agoda,Germany,Leisure,4/22/2027,3020,Confirmed,1000
BK887,Trip.com,France,Adventure,4/22/2027,2620,Confirmed,1000
BK888,TUI,UK,Leisure,4/23/2027,2110,Confirmed,1000
BK889,Expedia,China,Leisure,4/23/2027,3450,Confirmed,1000
BK890,Booking.com,Japan,Adventure,4/23/2027,4250,Confirmed,1000
BK891,Agoda,France,Leisure,4/24/2027,2680,Confirmed,1000
BK892,Trip.com,UK,Adventure,4/24/2027,1950,Cancelled,1000
BK893,TUI,Germany,Leisure,4/24/2027,2820,Confirmed,1000
BK894,Expedia,Japan,Adventure,4/25/2027,3860,Pending,1000
BK895,Booking.com,Germany,Leisure,4/25/2027,3680,Confirmed,1000
BK896,Agoda,UK,Adventure,4/25/2027,2040,Confirmed,1000
BK897,Trip.com,China,Leisure,4/26/2027,3070,Confirmed,1000
BK898,TUI,France,Leisure,4/26/2027,2420,Confirmed,1000
BK899,Expedia,UK,Adventure,4/26/2027,2250,Confirmed,1000
BK900,Booking.com,Germany,Leisure,4/27/2027,3750,Confirmed,1000
BK901,Agoda,Japan,Adventure,4/27/2027,4190,Confirmed,1000
BK902,Trip.com,France,Leisure,4/27/2027,2480,Cancelled,1000
BK903,TUI,UK,Adventure,4/28/2027,2060,Confirmed,1000
BK904,Expedia,Germany,Leisure,4/28/2027,2920,Confirmed,1000
BK905,Booking.com,China,Leisure,4/28/2027,3330,Confirmed,1000
BK906,Agoda,Japan,Adventure,4/29/2027,4020,Confirmed,1000
BK907,Trip.com,France,Adventure,4/29/2027,2560,Confirmed,1000
BK908,TUI,Germany,Leisure,4/29/2027,2780,Confirmed,1000
BK909,Expedia,UK,Adventure,4/30/2027,1920,Confirmed,1000
BK910,Booking.com,Japan,Leisure,4/30/2027,3860,Confirmed,1000
BK911,Agoda,China,Leisure,4/30/2027,3170,Confirmed,1000
BK912,Trip.com,Germany,Adventure,5/1/2027,2820,Cancelled,1000
BK913,TUI,France,Leisure,5/1/2027,2450,Confirmed,1000
BK914,Expedia,UK,Adventure,5/1/2027,2120,Confirmed,1000
BK915,Booking.com,China,Leisure,5/2/2027,3350,Confirmed,1000
BK916,Agoda,Japan,Leisure,5/2/2027,3760,Confirmed,1000
BK917,Trip.com,Germany,Adventure,5/2/2027,2680,Confirmed,1000
BK918,TUI,France,Adventure,5/3/2027,2580,Confirmed,1000
BK919,Expedia,UK,Leisure,5/3/2027,1910,Confirmed,1000
BK920,Booking.com,Germany,Leisure,5/3/2027,3590,Confirmed,1000
BK921,Agoda,China,Adventure,5/4/2027,2320,Confirmed,1000
BK922,Trip.com,Japan,Leisure,5/4/2027,3960,Cancelled,1000
BK923,TUI,UK,Leisure,5/4/2027,2080,Confirmed,1000
BK924,Expedia,France,Adventure,5/5/2027,2460,Confirmed,1000
BK925,Booking.com,Germany,Leisure,5/5/2027,3880,Confirmed,1000
BK926,Agoda,UK,Adventure,5/5/2027,1980,Confirmed,1000
BK927,Trip.com,China,Leisure,5/6/2027,3020,Confirmed,1000
BK928,TUI,Japan,Adventure,5/6/2027,4320,Confirmed,1000
BK929,Expedia,France,Leisure,5/6/2027,2760,Confirmed,1000
BK930,Booking.com,UK,Adventure,5/7/2027,2250,Confirmed,1000
BK931,Agoda,Germany,Leisure,5/7/2027,2990,Confirmed,1000
BK932,Trip.com,China,Adventure,5/7/2027,2780,Cancelled,1000
BK933,TUI,UK,Leisure,5/8/2027,2110,Confirmed,1000
BK934,Expedia,Japan,Adventure,5/8/2027,3890,Confirmed,1000
BK935,Booking.com,Germany,Leisure,5/8/2027,3620,Confirmed,1000
BK936,Agoda,France,Leisure,5/9/2027,2580,Confirmed,1000
BK937,Trip.com,UK,Adventure,5/9/2027,2150,Confirmed,1000
BK938,TUI,China,Leisure,5/9/2027,3250,Confirmed,1000
BK939,Expedia,Germany,Adventure,5/10/2027,2370,Confirmed,1000
BK940,Booking.com,Japan,Leisure,5/10/2027,3990,Confirmed,1000
BK941,Agoda,France,Adventure,5/10/2027,2820,Confirmed,1000
BK942,Trip.com,UK,Leisure,5/11/2027,1910,Cancelled,1000
BK943,TUI,Germany,Adventure,5/11/2027,2530,Confirmed,1000
BK944,Expedia,China,Leisure,5/11/2027,3680,Confirmed,1000
BK945,Booking.com,Japan,Adventure,5/12/2027,4160,Confirmed,1000
BK946,Agoda,Germany,Leisure,5/12/2027,3090,Confirmed,1000
BK947,Trip.com,France,Adventure,5/12/2027,2690,Confirmed,1000
BK948,TUI,UK,Leisure,5/13/2027,2180,Confirmed,1000
BK949,Expedia,China,Leisure,5/13/2027,3520,Confirmed,1000
BK950,Booking.com,Japan,Adventure,5/13/2027,4320,Confirmed,1000
BK951,Agoda,France,Leisure,5/14/2027,2750,Confirmed,1000
BK952,Trip.com,UK,Adventure,5/14/2027,2020,Cancelled,1000
BK953,TUI,Germany,Leisure,5/14/2027,2890,Confirmed,1000
BK954,Expedia,Japan,Adventure,5/15/2027,3930,Confirmed,1000
BK955,Booking.com,Germany,Leisure,5/15/2027,3750,Confirmed,1000
BK956,Agoda,UK,Adventure,5/15/2027,2110,Confirmed,1000
BK957,Trip.com,China,Leisure,5/16/2027,3140,Confirmed,1000
BK958,TUI,France,Leisure,5/16/2027,2490,Confirmed,1000
BK959,Expedia,UK,Adventure,5/16/2027,2320,Confirmed,1000
BK960,Booking.com,Germany,Leisure,5/17/2027,3820,Confirmed,1000
BK961,Agoda,Japan,Adventure,5/17/2027,4260,Confirmed,1000
BK962,Trip.com,France,Leisure,5/17/2027,2550,Cancelled,1000
BK963,TUI,UK,Adventure,5/18/2027,2130,Confirmed,1000
BK964,Expedia,Germany,Leisure,5/18/2027,2990,Confirmed,1000
BK965,Booking.com,China,Leisure,5/18/2027,3400,Confirmed,1000
BK966,Agoda,Japan,Adventure,5/19/2027,4090,Confirmed,1000
BK967,Trip.com,France,Adventure,5/19/2027,2630,Confirmed,1000
BK968,TUI,Germany,Leisure,5/19/2027,2850,Confirmed,1000
BK969,Expedia,UK,Adventure,5/20/2027,1990,Confirmed,1000
BK970,Booking.com,Japan,Leisure,5/20/2027,3930,Confirmed,1000
BK971,Agoda,China,Leisure,5/20/2027,3240,Confirmed,1000
BK972,Trip.com,Germany,Adventure,5/21/2027,2890,Cancelled,1000
BK973,TUI,France,Leisure,5/21/2027,2520,Confirmed,1000
BK974,Expedia,UK,Adventure,5/21/2027,2190,Confirmed,1000
BK975,Booking.com,China,Leisure,5/22/2027,3420,Confirmed,1000
BK976,Agoda,Japan,Leisure,5/22/2027,3830,Confirmed,1000
BK977,Trip.com,Germany,Adventure,5/22/2027,2750,Confirmed,1000
BK978,TUI,France,Adventure,5/23/2027,2650,Confirmed,1000
BK979,Expedia,UK,Leisure,5/23/2027,1980,Confirmed,1000
BK980,Booking.com,Germany,Leisure,5/23/2027,3660,Confirmed,1000
BK981,Agoda,China,Adventure,5/24/2027,2390,Confirmed,1000
BK982,Trip.com,Japan,Leisure,5/24/2027,4030,Cancelled,1000
BK983,TUI,UK,Leisure,5/24/2027,2150,Confirmed,1000
BK984,Expedia,France,Adventure,5/25/2027,2530,Confirmed,1000
BK985,Booking.com,Germany,Leisure,5/25/2027,3950,Confirmed,1000
BK986,Agoda,UK,Adventure,5/25/2027,2050,Confirmed,1000
BK987,Trip.com,China,Leisure,5/26/2027,3090,Confirmed,1000
BK988,TUI,Japan,Adventure,5/26/2027,4390,Confirmed,1000
BK989,Expedia,France,Leisure,5/26/2027,2830,Confirmed,1000
BK990,Booking.com,UK,Adventure,5/27/2027,2320,Confirmed,1000
BK991,Agoda,Germany,Leisure,5/27/2027,3060,Confirmed,1000
BK992,Trip.com,China,Adventure,5/27/2027,2850,Cancelled,1000
BK993,TUI,UK,Leisure,5/28/2027,2180,Confirmed,1000
BK994,Expedia,Japan,Adventure,5/28/2027,3960,Confirmed,1000
BK995,Booking.com,Germany,Leisure,5/28/2027,3690,Confirmed,1000
BK996,Agoda,France,Leisure,5/29/2027,2650,Confirmed,1000
BK997,Trip.com,UK,Adventure,5/29/2027,2220,Confirmed,1000
BK998,TUI,China,Leisure,5/29/2027,3320,Confirmed,1000
BK999,Expedia,Germany,Adventure,5/30/2027,2440,Confirmed,1000
BK1000,Booking.com,Japan,Leisure,5/30/2027,4030,Confirmed,1200
